VariationID,GeneSymbol,extraction_status,codes,has_functional,codes_all_verdicts,Name,hgvs_p_short,clinvar_url,codes_applied_verified,codes_discussed_only,bare_list_means_applied,binding_constraint,functional_assay_exists,assay_reference,calibratable,notes
1003866,NRAS,no_codes_parsed,,False,,NM_002524.5(NRAS):c.272C>T (p.Ala91Val),A91V,https://www.ncbi.nlm.nih.gov/clinvar/variation/1003866/,,,,,,,,
936786,RIT1,no_codes_parsed,,False,,NM_006912.6(RIT1):c.367C>T (p.Arg123Cys),R123C,https://www.ncbi.nlm.nih.gov/clinvar/variation/936786/,,,,,,,,
359048,BRAF,codes_unadjudicated,,False,BS2[UNCLEAR],NM_004333.6(BRAF):c.1024A>G (p.Ile342Val),I342V,https://www.ncbi.nlm.nih.gov/clinvar/variation/359048/,,,,,,,,
477722,SOS1,codes_unadjudicated,,False,BS2[UNCLEAR],NM_005633.4(SOS1):c.3286T>A (p.Ser1096Thr),S1096T,https://www.ncbi.nlm.nih.gov/clinvar/variation/477722/,,,,,,,,
178963,BRAF,applied_codes,PP2,False,BS2[UNCLEAR]; PP2[APPLIED]; PP2[APPLIED_BARE],NM_004333.6(BRAF):c.622A>G (p.Ile208Val),I208V,https://www.ncbi.nlm.nih.gov/clinvar/variation/178963/,,,,,,,,
977327,BRAF,applied_codes,PM1; PM2_Supporting; PP3,False,PM1[APPLIED]; PM1[APPLIED_BARE]; PM2_Supporting[APPLIED]; PM2_Supporting[APPLIED_BARE]; PP3[APPLIED]; PP3[APPLIED_BARE],NM_004333.6(BRAF):c.1820C>T (p.Ser607Phe),S607F,https://www.ncbi.nlm.nih.gov/clinvar/variation/977327/,,,,,,,,
40439,HRAS,applied_codes,BP4,False,BA1[UNCLEAR]; BP4[APPLIED]; BP4[NOT_MET]; BS1[UNCLEAR]; BS2[UNCLEAR]; PM2_Supporting[UNCLEAR]; PS4_Supporting[UNCLEAR],NM_005343.4(HRAS):c.277A>G (p.Ile93Val),I93V,https://www.ncbi.nlm.nih.gov/clinvar/variation/40439/,,,,,,,,
45304,HRAS,applied_codes,PP2,False,PP2[APPLIED]; PP2[APPLIED_BARE]; PS4_Supporting[UNCLEAR],NM_005343.4(HRAS):c.412G>A (p.Gly138Ser),G138S,https://www.ncbi.nlm.nih.gov/clinvar/variation/45304/,,,,,,,,
180859,KRAS,applied_codes,PM2; PP2,False,PM2[APPLIED]; PM2[APPLIED_BARE]; PP2[APPLIED]; PP2[APPLIED_BARE]; PS4[UNCLEAR],NM_004985.5(KRAS):c.508A>T (p.Met170Leu),M170L,https://www.ncbi.nlm.nih.gov/clinvar/variation/180859/,,,,,,,,
522164,LZTR1,applied_codes,BP4,False,BA1[UNCLEAR]; BP4[APPLIED]; BP4[NOT_MET]; BS1[UNCLEAR]; PM2_Supporting[UNCLEAR],NM_006767.4(LZTR1):c.26G>C (p.Gly9Ala),G9A,https://www.ncbi.nlm.nih.gov/clinvar/variation/522164/,,,,,,,,
599033,LZTR1,applied_codes,PM2_Supporting; PM3; PP3; PS3_Supporting,True,PM2_Supporting[APPLIED]; PM2_Supporting[APPLIED_BARE]; PM3[APPLIED_BARE]; PP3[APPLIED]; PP3[APPLIED_BARE]; PS3_Supporting[APPLIED]; PS3_Supporting[APPLIED_BARE],NM_006767.4(LZTR1):c.361C>G (p.His121Asp),H121D,https://www.ncbi.nlm.nih.gov/clinvar/variation/599033/,,,,,,,,
705680,LZTR1,applied_codes,BP4,False,BA1[UNCLEAR]; BP4[APPLIED]; BP4[NOT_MET]; BS1[UNCLEAR]; PM2_Supporting[UNCLEAR],NM_006767.4(LZTR1):c.1723G>A (p.Asp575Asn),D575N,https://www.ncbi.nlm.nih.gov/clinvar/variation/705680/,,,,,,,,
1184933,LZTR1,applied_codes,BP4; PM2_Supporting; PM3; PM3_Supporting; PS3_Supporting,True,BP4[APPLIED]; BP4[NOT_MET]; PM2_Supporting[APPLIED]; PM3[APPLIED_BARE]; PM3_Supporting[APPLIED]; PM3_Supporting[APPLIED_BARE]; PS3_Supporting[APPLIED]; PS3_Supporting[APPLIED_BARE],NM_006767.4(LZTR1):c.1687G>C (p.Glu563Gln),E563Q,https://www.ncbi.nlm.nih.gov/clinvar/variation/1184933/,,,,,,,,
3541717,LZTR1,applied_codes,BP4; PM2_Supporting; PM3; PM3_Supporting; PS3_Supporting,True,BP4[APPLIED]; BP4[NOT_MET]; PM2_Supporting[APPLIED]; PM2_Supporting[APPLIED_BARE]; PM3[APPLIED_BARE]; PM3_Supporting[APPLIED]; PM3_Supporting[APPLIED_BARE]; PS3_Supporting[APPLIED]; PS3_Supporting[APPLIED_BARE],NM_006767.4(LZTR1):c.650A>C (p.Glu217Ala),E217A,https://www.ncbi.nlm.nih.gov/clinvar/variation/3541717/,,,,,,,,
40786,MAP2K2,applied_codes,PP2,False,PP2[APPLIED]; PP2[APPLIED_BARE]; PS4[UNCLEAR],NM_030662.4(MAP2K2):c.281C>T (p.Ser94Leu),S94L,https://www.ncbi.nlm.nih.gov/clinvar/variation/40786/,,,,,,,,
40818,MAP2K2,applied_codes,PM2; PP2; PP3; PS4_Supporting,False,PM2[APPLIED]; PM2[APPLIED_BARE]; PP2[APPLIED]; PP2[APPLIED_BARE]; PP3[APPLIED]; PP3[APPLIED_BARE]; PS4_Supporting[APPLIED]; PS4_Supporting[APPLIED_BARE],NM_030662.4(MAP2K2):c.692G>T (p.Arg231Leu),R231L,https://www.ncbi.nlm.nih.gov/clinvar/variation/40818/,,,,,,,,
40842,MAP2K2,applied_codes,BP5; PP2,False,BP5[APPLIED]; BP5[APPLIED_BARE]; BS1[UNCLEAR]; PP2[APPLIED]; PP2[APPLIED_BARE],NM_030662.4(MAP2K2):c.1112G>A (p.Arg371Gln),R371Q,https://www.ncbi.nlm.nih.gov/clinvar/variation/40842/,,,,,,,,
46242,MAP2K2,applied_codes,BP4,False,BA1[UNCLEAR]; BP4[APPLIED]; BP4[APPLIED_BARE]; BS1[UNCLEAR]; PM2_Supporting[UNCLEAR]; PS4[UNCLEAR],NM_030662.4(MAP2K2):c.784G>A (p.Val262Ile),V262I,https://www.ncbi.nlm.nih.gov/clinvar/variation/46242/,,,,,,,,
177876,MAP2K2,applied_codes,BP5; PM2; PP3,False,BP5[APPLIED]; BP5[APPLIED_BARE]; BS2[NOT_MET]; PM2[APPLIED]; PM2[APPLIED_BARE]; PP3[APPLIED]; PP3[APPLIED_BARE],NM_030662.4(MAP2K2):c.806C>G (p.Pro269Arg),P269R,https://www.ncbi.nlm.nih.gov/clinvar/variation/177876/,,,,,,,,
279960,MAP2K2,applied_codes,BP5,False,BP5[APPLIED]; BP5[APPLIED_BARE],NM_030662.4(MAP2K2):c.1187C>T (p.Thr396Met),T396M,https://www.ncbi.nlm.nih.gov/clinvar/variation/279960/,,,,,,,,
543999,MAP2K2,applied_codes,PP2; PP3,False,PP2[APPLIED]; PP2[APPLIED_BARE]; PP3[APPLIED]; PP3[APPLIED_BARE]; PS4[UNCLEAR],NM_030662.4(MAP2K2):c.692G>A (p.Arg231His),R231H,https://www.ncbi.nlm.nih.gov/clinvar/variation/543999/,,,,,,,,
569590,MAP2K2,applied_codes,BP4; PP2,False,BP4[APPLIED]; BP4[NOT_MET]; BS2[UNCLEAR]; PP2[APPLIED]; PP2[APPLIED_BARE],NM_030662.4(MAP2K2):c.842G>A (p.Arg281Gln),R281Q,https://www.ncbi.nlm.nih.gov/clinvar/variation/569590/,,,,,,,,
164809,NRAS,applied_codes,PM2_Supporting; PP3,False,PM2_Supporting[APPLIED]; PM2_Supporting[APPLIED_BARE]; PP3[APPLIED]; PP3[APPLIED_BARE],NM_002524.5(NRAS):c.368G>A (p.Arg123Lys),R123K,https://www.ncbi.nlm.nih.gov/clinvar/variation/164809/,,,,,,,,
179025,NRAS,applied_codes,BP4,False,BA1[UNCLEAR]; BP4[APPLIED]; BP4[NOT_MET]; BS1[UNCLEAR]; PM2_Supporting[UNCLEAR],NM_002524.5(NRAS):c.553C>T (p.Pro185Ser),P185S,https://www.ncbi.nlm.nih.gov/clinvar/variation/179025/,,,,,,,,
424299,NRAS,applied_codes,BP4,False,BA1[UNCLEAR]; BP4[APPLIED]; BP4[NOT_MET]; BS1[UNCLEAR]; PM2_Supporting[UNCLEAR],NM_002524.5(NRAS):c.250A>G (p.Ile84Val),I84V,https://www.ncbi.nlm.nih.gov/clinvar/variation/424299/,,,,,,,,
561350,NRAS,applied_codes,PM1,False,BA1[UNCLEAR]; BS1[UNCLEAR]; PM1[APPLIED]; PM1[APPLIED_BARE]; PM2_Supporting[UNCLEAR],NM_002524.5(NRAS):c.31G>A (p.Ala11Thr),A11T,https://www.ncbi.nlm.nih.gov/clinvar/variation/561350/,,,,,,,,
13341,PTPN11,applied_codes,PP2,False,PP2[APPLIED]; PP2[APPLIED_BARE],NM_002834.5(PTPN11):c.1232C>T (p.Thr411Met),T411M,https://www.ncbi.nlm.nih.gov/clinvar/variation/13341/,,,,,,,,
40504,PTPN11,applied_codes,BP5; PP2,False,BP5[APPLIED]; BP5[APPLIED_BARE]; PP2[APPLIED]; PP2[APPLIED_BARE]; PS4[UNCLEAR],NM_002834.5(PTPN11):c.244A>G (p.Met82Val),M82V,https://www.ncbi.nlm.nih.gov/clinvar/variation/40504/,,,,,,,,
280939,PTPN11,applied_codes,PM1; PM2; PP2,False,PM1[APPLIED]; PM1[APPLIED_BARE]; PM2[APPLIED]; PM2[APPLIED_BARE]; PP2[APPLIED]; PP2[APPLIED_BARE]; PS4[UNCLEAR],NM_002834.5(PTPN11):c.782T>G (p.Leu261Arg),L261R,https://www.ncbi.nlm.nih.gov/clinvar/variation/280939/,,,,,,,,
40614,RAF1,applied_codes,PM2_Supporting; PP3,False,PM2_Supporting[APPLIED]; PM2_Supporting[APPLIED_BARE]; PP3[APPLIED]; PP3[NOT_MET]; PS4[UNCLEAR],NM_002880.4(RAF1):c.1193G>T (p.Arg398Leu),R398L,https://www.ncbi.nlm.nih.gov/clinvar/variation/40614/,,,,,,,,
181510,RAF1,applied_codes,BS2,False,BS1[UNCLEAR]; BS2[APPLIED]; BS2[APPLIED_BARE],NM_002880.4(RAF1):c.835G>A (p.Asp279Asn),D279N,https://www.ncbi.nlm.nih.gov/clinvar/variation/181510/,,,,,,,,
222774,RAF1,applied_codes,PM1; PM2; PP2; PS3,True,PM1[APPLIED]; PM1[APPLIED_BARE]; PM2[APPLIED]; PM2[APPLIED_BARE]; PP2[APPLIED]; PP2[APPLIED_BARE]; PS3[APPLIED]; PS3[APPLIED_BARE],NM_002880.4(RAF1):c.779C>T (p.Thr260Ile),T260I,https://www.ncbi.nlm.nih.gov/clinvar/variation/222774/,,,,,,,,
560679,RIT1,applied_codes,PM1; PM2_Supporting; PP3; PS4_Supporting,False,PM1[APPLIED]; PM1[APPLIED_BARE]; PM2_Supporting[APPLIED]; PM2_Supporting[APPLIED_BARE]; PP3[APPLIED]; PP3[APPLIED_BARE]; PS4_Supporting[APPLIED]; PS4_Supporting[APPLIED_BARE],NM_006912.6(RIT1):c.233G>A (p.Gly78Glu),G78E,https://www.ncbi.nlm.nih.gov/clinvar/variation/560679/,,,,,,,,
830079,SHOC2,applied_codes,PM2; PP2,False,PM2[APPLIED]; PM2[APPLIED_BARE]; PP2[APPLIED]; PP2[APPLIED_BARE],NM_007373.4(SHOC2):c.566A>T (p.Tyr189Phe),Y189F,https://www.ncbi.nlm.nih.gov/clinvar/variation/830079/,,,,,,,,
45366,SOS1,applied_codes,PP2,False,BS1[UNCLEAR]; PP2[APPLIED]; PP2[APPLIED_BARE],NM_005633.4(SOS1):c.3703C>T (p.Pro1235Ser),P1235S,https://www.ncbi.nlm.nih.gov/clinvar/variation/45366/,,,,,,,,
181547,SOS1,applied_codes,BS2,False,BS1[UNCLEAR]; BS2[APPLIED]; BS2[NOT_MET],NM_005633.4(SOS1):c.643T>C (p.Tyr215His),Y215H,https://www.ncbi.nlm.nih.gov/clinvar/variation/181547/,,,,,,,,
290125,SOS1,applied_codes,BS2,False,BS1[UNCLEAR]; BS2[APPLIED]; BS2[NOT_MET],NM_005633.4(SOS1):c.2728G>C (p.Asp910His),D910H,https://www.ncbi.nlm.nih.gov/clinvar/variation/290125/,,,,,,,,
561347,SOS1,applied_codes,PP2,False,PP2[APPLIED]; PP2[APPLIED_BARE],NM_005633.4(SOS1):c.1666G>A (p.Val556Ile),V556I,https://www.ncbi.nlm.nih.gov/clinvar/variation/561347/,,,,,,,,
561935,SOS1,applied_codes,PM2; PP2,False,PM2[APPLIED]; PM2[APPLIED_BARE]; PP2[APPLIED]; PP2[APPLIED_BARE],NM_005633.4(SOS1):c.1645A>G (p.Thr549Ala),T549A,https://www.ncbi.nlm.nih.gov/clinvar/variation/561935/,,,,,,,,
830078,SOS1,applied_codes,PM2_Supporting; PP3; PS3_Supporting; PS4_Supporting,True,PM2_Supporting[APPLIED]; PM2_Supporting[APPLIED_BARE]; PP3[APPLIED]; PP3[APPLIED_BARE]; PS3_Supporting[APPLIED]; PS3_Supporting[APPLIED_BARE]; PS4_Supporting[APPLIED]; PS4_Supporting[APPLIED_BARE],NM_005633.4(SOS1):c.844T>C (p.Cys282Arg),C282R,https://www.ncbi.nlm.nih.gov/clinvar/variation/830078/,,,,,,,,
