accession,hgvs_nt,hgvs_splice,hgvs_pro,score,score_rep1,score_rep2,score_rep3
urn:mavedb:00000061-c-1#1,,,p.Leu11Arg,-1.5422574638922135,-1.5422574638922135,-1.6000272910304114,-1.4627938322117164
urn:mavedb:00000061-c-1#2,,,p.Thr6Arg,0.024235711168195,-0.0117622267312117,0.1645511521639584,0.024235711168195
urn:mavedb:00000061-c-1#3,,,p.Ser4Arg,0.0676278649477054,0.0676278649477054,0.0297528665264468,0.0967863783168068
urn:mavedb:00000061-c-1#4,,,p.Lys2Arg,-0.0341192065635103,0.0117188691183111,-0.0427978006221648,-0.0341192065635103
urn:mavedb:00000061-c-1#5,,,p.Ser1Arg,0.0393006974376403,0.0374806697159918,0.0406051280431403,0.0393006974376403
urn:mavedb:00000061-c-1#6,,,p.Arg38Gln,-0.2200381691582942,-0.2200381691582942,-0.277807996296492,-0.140574537477797
urn:mavedb:00000061-c-1#7,,,p.Lys36Gln,-0.0204658142530901,-0.0204658142530901,0.0232219993674891,-0.0736277478471838
urn:mavedb:00000061-c-1#8,,,p.Leu35Gln,-1.4852491967957802,-1.4852491967957802,-1.4760722343033648,-1.530724301723583
urn:mavedb:00000061-c-1#9,,,p.Lys33Gln,-0.5085513227723916,-0.3661662048365322,-0.5208460449827865,-0.5085513227723916
urn:mavedb:00000061-c-1#10,,,p.Leu31Gln,-2.019378718611876,-2.019378718611876,-1.9522098091417737,-2.11600634598706
urn:mavedb:00000061-c-1#11,,,p.His28Gln,0.1134034972725102,0.0692003017761289,0.1398416013874358,0.1134034972725102
urn:mavedb:00000061-c-1#12,,,p.Leu27Gln,-2.1819672226360223,-1.8634908456444816,-2.319200681454717,-2.1819672226360223
urn:mavedb:00000061-c-1#13,,,p.Lys14Gln,-0.2027224442266416,-0.0537067473917692,-0.277807996296492,-0.2027224442266416
urn:mavedb:00000061-c-1#14,,,p.Pro12Gln,-0.7084718497771529,-0.8083098760006233,-0.7084718497771529,-0.7025173055977769
urn:mavedb:00000061-c-1#15,,,p.Leu11Gln,-2.003897397598253,-1.9072697702230688,-2.4421608520809293,-2.003897397598253
urn:mavedb:00000061-c-1#16,,,p.Lys2Gln,0.3240298751919813,0.3240298751919813,0.4491907316397703,0.3117231335168332
urn:mavedb:00000061-c-1#17,,,p.Ser1Gln,0.1481607359757891,0.1573801723691416,0.1481607359757891,0.1434221188874037
urn:mavedb:00000061-c-1#18,,,p.Arg38Pro,-1.3961294282139756,-1.3961294282139756,-1.4538992553521732,-1.3166657965334785
urn:mavedb:00000061-c-1#19,,,p.Leu35Pro,-1.698813309037223,-1.6410434818990254,-1.698813309037223,-2.125851280657091
urn:mavedb:00000061-c-1#20,,,p.Ala34Pro,-0.1231281561502378,-0.1231281561502378,-0.1395052981302106,-0.1142455987554479
urn:mavedb:00000061-c-1#21,,,p.Leu31Pro,-1.966931725811496,-1.966931725811496,-2.2007928120053752,-1.6656193445146423
urn:mavedb:00000061-c-1#22,,,p.His28Pro,-1.118298142766645,-1.0216705153914607,-1.556561597249321,-1.118298142766645
urn:mavedb:00000061-c-1#23,,,p.Leu27Pro,-1.8721770248295744,-1.8721770248295744,-2.185219357071078,-1.7927133931490773
urn:mavedb:00000061-c-1#24,,,p.Arg22Pro,0.0871521352105053,0.0871521352105053,0.0646146845257142,0.1282707748147828
urn:mavedb:00000061-c-1#25,,,p.Thr17Pro,-1.7515170862005494,-1.7515170862005494,-1.8092869133387472,-1.6720534545200525
urn:mavedb:00000061-c-1#26,,,p.Arg16Pro,-1.520785779189403,-1.1231281561502378,-1.658019238008098,-1.520785779189403
urn:mavedb:00000061-c-1#27,,,p.Gln15Pro,-1.4987917701111233,-1.4987917701111233,-1.556561597249321,-1.419328138430626
urn:mavedb:00000061-c-1#28,,,p.Leu11Pro,-1.885485139350649,-1.885485139350649,-1.7469603213448792,-2.049059556356447
urn:mavedb:00000061-c-1#29,,,p.Phe10Pro,-0.2200381691582942,-0.2200381691582942,-0.277807996296492,-0.140574537477797
urn:mavedb:00000061-c-1#30,,,p.Arg8Pro,-0.6410434818990253,-0.6410434818990253,-0.7402059941954481,-0.5237912893291283
urn:mavedb:00000061-c-1#31,,,p.Ile7Pro,-0.5210681648222755,-0.5210681648222755,-0.5788379919604733,-0.4416045331417783
urn:mavedb:00000061-c-1#32,,,p.Thr6Pro,-0.1199230162750264,-0.1199230162750264,-0.1651037161052037,-0.0805766078025117
urn:mavedb:00000061-c-1#33,,,p.Thr3Pro,0.0551845628994014,0.0551845628994014,0.0780706673748342,0.024235711168195
urn:mavedb:00000061-c-1#34,,,p.Ser1Pro,0.1558475646420801,0.2772864716496552,0.1558475646420801,0.0557201076661711
urn:mavedb:00000061-c-1#35,,,p.Lys36Asn,0.2647441844488343,0.2547227836543972,0.2647441844488343,0.2719474710672377
urn:mavedb:00000061-c-1#36,,,p.Lys33Asn,-0.427469180420222,-0.427469180420222,-0.4594317439521343,-0.3392316244322197
urn:mavedb:00000061-c-1#37,,,p.Asp29Asn,0.074651648474668,0.074651648474668,0.0417054050615022,0.0774812231214202
urn:mavedb:00000061-c-1#38,,,p.His28Asn,-0.0436645244697406,-0.2066742076003127,-0.0347699476101976,-0.0436645244697406
urn:mavedb:00000061-c-1#39,,,p.Ser26Asn,-0.0058759635803409,0.0286037570459987,-0.0803185925395803,-0.0058759635803409
urn:mavedb:00000061-c-1#40,,,p.Arg22Asn,0.3820218221696681,0.3820218221696681,0.3242519950314703,0.4614854538501653
urn:mavedb:00000061-c-1#41,,,p.Thr17Asn,-0.6971594238779567,-0.6971594238779567,-1.0559592466801355,-0.4416045331417783
urn:mavedb:00000061-c-1#42,,,p.Lys14Asn,0.1397708593263331,0.1421285698596691,0.1015607728290936,0.1397708593263331
urn:mavedb:00000061-c-1#43,,,p.Ile7Asn,-1.3869524657215602,-1.6971594238779566,-1.3869524657215602,-1.3166657965334785
urn:mavedb:00000061-c-1#44,,,p.Ser4Asn,-0.0034857593518863,-0.0034857593518863,-0.0205901599141487,0.0160786123077094
urn:mavedb:00000061-c-1#45,,,p.Thr3Asn,-0.0613932914301722,-0.0344015921963826,-0.277807996296492,-0.0613932914301722
urn:mavedb:00000061-c-1#46,,,p.Lys2Asn,0.0646146845257142,-0.043946910102613,0.0646146845257142,0.1711793235779571
urn:mavedb:00000061-c-1#47,,,p.Ser1Asn,0.1253418387698597,0.1326125910274331,0.1141884956182738,0.1253418387698597
urn:mavedb:00000061-c-1#48,,,p.Val37Met,0.0444715642308105,0.045663864163944,-0.0195299810534607,0.0444715642308105
urn:mavedb:00000061-c-1#49,,,p.Lys36Met,-0.140574537477797,0.2570830855613682,-0.277807996296492,-0.140574537477797
urn:mavedb:00000061-c-1#50,,,p.Leu35Met,0.0020929660909344,-0.0773706655895627,0.0689794899281643,0.0020929660909344
urn:mavedb:00000061-c-1#51,,,p.Lys33Met,-0.2200381691582942,-0.2200381691582942,-0.277807996296492,-0.140574537477797
urn:mavedb:00000061-c-1#52,,,p.Leu31Met,-0.0717535138633675,-0.023743524014326,-0.0717535138633675,-0.1727592208491983
urn:mavedb:00000061-c-1#53,,,p.Leu27Met,0.0229275942698636,0.0488071431342856,0.0041987620540587,0.0229275942698636
urn:mavedb:00000061-c-1#54,,,p.Val21Met,-0.2391785939403612,-0.2460516015232122,-0.2391785939403612,-0.2238146400022895
urn:mavedb:00000061-c-1#55,,,p.Lys14Met,-0.032000791691193,-0.0375128000972031,-0.032000791691193,-0.0172593335337107
urn:mavedb:00000061-c-1#56,,,p.Pro12Met,-0.2200381691582942,-0.2200381691582942,-0.277807996296492,-0.140574537477797
urn:mavedb:00000061-c-1#57,,,p.Leu11Met,-0.0963879037357438,-0.1199230162750264,-0.0963879037357438,-0.0667883233168784
urn:mavedb:00000061-c-1#58,,,p.Val9Met,-0.8437562414895701,-0.6320094695862633,-0.8437562414895701,-0.9162226427076364
urn:mavedb:00000061-c-1#59,,,p.Ile7Met,0.0018105804580621,0.0018105804580621,-0.1528692596881921,0.114697967625509
urn:mavedb:00000061-c-1#60,,,p.Thr6Met,-0.0055561590873158,0.0037258844748262,-0.0413319771472337,-0.0055561590873158
urn:mavedb:00000061-c-1#61,,,p.Lys2Met,-0.0107777088593606,-0.0152646205672823,-0.0107777088593606,-0.0046567683247295
urn:mavedb:00000061-c-1#62,,,p.Arg38Leu,-0.7549292510161545,-1.1742806785976192,-0.7549292510161545,-0.6176957921974596
urn:mavedb:00000061-c-1#63,,,p.Val37Leu,-0.0669546309815988,-0.043946910102613,-0.0669546309815988,-0.140574537477797
urn:mavedb:00000061-c-1#64,,,p.Lys33Leu,-0.2200381691582942,-0.2200381691582942,-0.277807996296492,-0.140574537477797
urn:mavedb:00000061-c-1#65,,,p.Met32Leu,0.0543574082929832,0.0378349094755372,0.0543574082929832,0.0939974637471835
urn:mavedb:00000061-c-1#66,,,p.His28Leu,-0.0277651139663236,-0.0390671454845264,-0.0152362524516865,-0.0277651139663236
urn:mavedb:00000061-c-1#67,,,p.Met25Leu,0.0033055715450133,0.0033055715450133,-0.0544642555931844,0.0691253225589642
urn:mavedb:00000061-c-1#68,,,p.Arg22Leu,0.065197559322455,0.065197559322455,0.0945779079031574,-0.0003958343127602
urn:mavedb:00000061-c-1#69,,,p.Val21Leu,-0.1094035659071018,-0.0674280059521359,-0.1094035659071018,-0.3401468923830013
urn:mavedb:00000061-c-1#70,,,p.Val19Leu,-0.0322953284823422,-0.0051943211105963,-0.0322953284823422,-0.0613932914301722
urn:mavedb:00000061-c-1#71,,,p.Val18Leu,-0.4196105240634984,-0.4196105240634984,-0.3012890921460149,-0.4650856289913012
urn:mavedb:00000061-c-1#72,,,p.Arg16Leu,-0.2001602274620412,-0.0787090163618249,-0.2254199268368037,-0.2001602274620412
urn:mavedb:00000061-c-1#73,,,p.Gln15Leu,-0.6700071778343419,-0.6700071778343419,-0.8941084267390647,-0.6657944985730372
urn:mavedb:00000061-c-1#74,,,p.Pro12Leu,-1.3009430122706451,-1.2140752221846176,-1.4681396944667835,-1.3009430122706451
urn:mavedb:00000061-c-1#75,,,p.Phe10Leu,-0.1584325011980428,-0.1584325011980428,-0.2023195875160406,-0.1359543398410519
urn:mavedb:00000061-c-1#76,,,p.Val9Leu,-0.8550444038994224,-0.8484270992086058,-0.8550444038994224,-0.9730834501840334
urn:mavedb:00000061-c-1#77,,,p.Arg8Leu,-0.0377344265739366,-0.0172126568553682,-0.0377344265739366,-0.12037115138951
urn:mavedb:00000061-c-1#78,,,p.Ile7Leu,0.0106328720594686,0.0212236215021971,0.0106328720594686,-0.0125447238923553
urn:mavedb:00000061-c-1#79,,,p.Thr6Leu,-0.6176957921974596,-0.0950994325499943,-0.7549292510161545,-0.6176957921974596
urn:mavedb:00000061-c-1#80,,,p.Ser1Leu,-0.0370339455707276,-0.0222276604093767,-0.1742674043894225,-0.0370339455707276
urn:mavedb:00000061-c-1#81,,,p.Met32Lys,-0.0654154876745774,-0.0373163312035999,-0.0654154876745774,-0.0842561743896765
urn:mavedb:00000061-c-1#82,,,p.Leu27Lys,-0.5210681648222755,-0.5210681648222755,-0.5788379919604733,-0.4416045331417783
urn:mavedb:00000061-c-1#83,,,p.Met25Lys,0.0171567125268103,-0.0016090788000751,0.0586386565899453,0.0171567125268103
urn:mavedb:00000061-c-1#84,,,p.Asn23Lys,-0.0060673767344983,0.0092986018506121,-0.0060673767344983,-0.1598796926731837
urn:mavedb:00000061-c-1#85,,,p.Asn20Lys,0.0433214748243667,0.1010913019625646,0.0433214748243667,-0.0010268471108805
urn:mavedb:00000061-c-1#86,,,p.Gln15Lys,-0.9187257878614408,-1.299219415205919,-0.7549292510161545,-0.9187257878614408
urn:mavedb:00000061-c-1#87,,,p.Asn13Lys,-0.0054886582834373,-0.0054886582834373,-0.0632584854216351,0.0020929660909344
urn:mavedb:00000061-c-1#88,,,p.Val9Lys,-0.2200381691582942,-0.2200381691582942,-0.277807996296492,-0.140574537477797
urn:mavedb:00000061-c-1#89,,,p.Thr6Lys,-0.2020872823583737,-0.3118085425139396,-0.2020872823583737,-0.1617638365477351
urn:mavedb:00000061-c-1#90,,,p.Asn5Lys,-0.0329515258011497,-0.0329515258011497,0.1523166957469468,-0.1083898541063958
urn:mavedb:00000061-c-1#91,,,p.Lys36Ile,-0.033962689196012,-0.033962689196012,-0.0391201791277857,0.0421983069343994
urn:mavedb:00000061-c-1#92,,,p.Lys33Ile,-0.9019748341955328,-0.9019748341955328,-1.1194455042012426,-0.8572733087742476
urn:mavedb:00000061-c-1#93,,,p.Met32Ile,-0.0525380461820862,-0.0390944073082009,-0.0749096585583483,-0.0525380461820862
urn:mavedb:00000061-c-1#94,,,p.Cys30Ile,-0.140574537477797,-0.2200381691582942,0.0232219993674891,-0.140574537477797
urn:mavedb:00000061-c-1#95,,,p.Ser26Ile,0.1993132584231704,0.2458020751516791,0.1993132584231704,0.1256933519269721
urn:mavedb:00000061-c-1#96,,,p.Met25Ile,-0.0343037162375588,-0.0743768659074637,-0.0343037162375588,-0.018913510630733
urn:mavedb:00000061-c-1#97,,,p.Asn23Ile,-0.0878523958016947,-0.0878523958016947,-0.115864388302103,-0.0641861916143423
urn:mavedb:00000061-c-1#98,,,p.Val21Ile,-0.2200381691582942,-0.2200381691582942,-0.277807996296492,-0.140574537477797
urn:mavedb:00000061-c-1#99,,,p.Asn20Ile,-0.0006068105043775,-0.0338700199367459,0.049910602277602,-0.0006068105043775
urn:mavedb:00000061-c-1#100,,,p.Val19Ile,-0.0134558333412675,-0.025973539090712,-0.0134558333412675,0.0081671138031275
urn:mavedb:00000061-c-1#101,,,p.Val18Ile,0.0150309498567248,0.0150309498567248,0.0329818366566453,-0.0850572096279656
urn:mavedb:00000061-c-1#102,,,p.Thr17Ile,-1.6350115171291122,-1.6350115171291122,-1.5678426076590102,-1.7316391445042962
urn:mavedb:00000061-c-1#103,,,p.Lys14Ile,-0.3166657965334784,-0.3961294282139755,-0.1528692596881921,-0.3166657965334784
urn:mavedb:00000061-c-1#104,,,p.Asn13Ile,-0.1005623282514964,-0.1005623282514964,-0.0782356413912879,-0.2559679561798667
urn:mavedb:00000061-c-1#105,,,p.Phe10Ile,-0.6202306771186983,-0.4924229833727454,-0.6202306771186983,-0.6871172009559281
urn:mavedb:00000061-c-1#106,,,p.Asn5Ile,-0.1239331423832644,-0.1251848031598285,-0.1239331423832644,-0.0982502227555159
urn:mavedb:00000061-c-1#107,,,p.Ser4Ile,-0.0344015921963826,-0.0344015921963826,-0.0559592466801356,-0.004911935477724
urn:mavedb:00000061-c-1#108,,,p.Thr3Ile,-0.0153121316310362,-0.0869815423278148,-0.0153121316310362,0.0102108563131139
urn:mavedb:00000061-c-1#109,,,p.Ser1Ile,-0.1742806785976191,-0.1742806785976191,-0.2178100666212066,-0.1095403037378282
urn:mavedb:00000061-c-1#110,,,p.Arg38His,-1.3784006612535438,-1.3784006612535438,-1.7372004840557234,-1.298937029573047
urn:mavedb:00000061-c-1#111,,,p.Asp29His,-0.140574537477797,-0.1231281561502378,-0.1808979832884356,-0.140574537477797
urn:mavedb:00000061-c-1#112,,,p.Ser26His,-0.2200381691582942,-0.2200381691582942,-0.277807996296492,-0.140574537477797
urn:mavedb:00000061-c-1#113,,,p.Asn23His,-0.0505642147934295,-0.1019388570802998,-0.0505642147934295,-0.0224752253998026
urn:mavedb:00000061-c-1#114,,,p.Arg22His,0.0072913973905137,0.054432797986219,0.0072913973905137,-0.0363652857282412
urn:mavedb:00000061-c-1#115,,,p.Asn20His,-0.0204658142530901,-0.0204658142530901,-0.0782356413912879,-0.0156358008694971
urn:mavedb:00000061-c-1#116,,,p.Arg16His,-0.0091536733415768,-0.0428598144613988,0.011640126817674,-0.0091536733415768
urn:mavedb:00000061-c-1#117,,,p.Gln15His,-1.224562484343267,-1.104644750456225,-1.224562484343267,-1.2981823908394652
urn:mavedb:00000061-c-1#118,,,p.Asn13His,-0.2222906684466606,-0.1474875020096824,-0.2222906684466606,-0.3069059592443221
urn:mavedb:00000061-c-1#119,,,p.Phe10His,0.0809918265056869,0.0809918265056869,0.1993132584231704,0.0355167215778841
urn:mavedb:00000061-c-1#120,,,p.Arg8His,-0.1686032610780406,-0.1599308040579865,-0.214756250549403,-0.1686032610780406
urn:mavedb:00000061-c-1#121,,,p.Asn5His,-0.0060673767344983,-0.0632520652979996,-0.0060673767344983,0.0774812231214202
urn:mavedb:00000061-c-1#122,,,p.Ser1His,0.0615425550050444,0.0615425550050444,0.0640379321409445,0.0302009332790091
urn:mavedb:00000061-c-1#123,,,p.Arg38Gly,-1.5877325688200163,-1.6671962005005134,-1.4239360319747298,-1.5877325688200163
urn:mavedb:00000061-c-1#124,,,p.Val37Gly,-0.4416045331417783,-0.2692561918284759,-0.4945171062604374,-0.4416045331417783
urn:mavedb:00000061-c-1#125,,,p.Ala34Gly,-0.1129977476504998,-0.1035326000868571,-0.1129977476504998,-0.175336643737009
urn:mavedb:00000061-c-1#126,,,p.Lys33Gly,-0.8220981604862566,-0.8220981604862566,-0.8798679876244545,-0.7426345288057594
urn:mavedb:00000061-c-1#127,,,p.Cys30Gly,-0.0839879702803792,-0.0687704938276451,-0.0839879702803792,-0.2777477305031087
urn:mavedb:00000061-c-1#128,,,p.Asp29Gly,0.0080580581031833,0.0278388653214648,0.0080580581031833,-0.0453709882837577
urn:mavedb:00000061-c-1#129,,,p.Ser26Gly,-0.0528348124709866,-0.0230314489541567,-0.0528348124709866,-0.0779043282223397
urn:mavedb:00000061-c-1#130,,,p.Arg22Gly,-0.043724790263124,-0.0337277449209269,-0.043724790263124,-0.0692186289421288
urn:mavedb:00000061-c-1#131,,,p.Val21Gly,0.0980251658044673,0.0980251658044673,-0.0629641482487941,0.1098454648310968
urn:mavedb:00000061-c-1#132,,,p.Val19Gly,-1.2072269220107847,-0.9733658358169056,-1.2072269220107847,-1.371023458856071
urn:mavedb:00000061-c-1#133,,,p.Val18Gly,-0.552754985264445,-0.5072798803366422,-0.7277770049725397,-0.552754985264445
urn:mavedb:00000061-c-1#134,,,p.Arg16Gly,-0.2393433243536809,-0.2393433243536809,-0.3842633272107789,-0.223548772542561
urn:mavedb:00000061-c-1#135,,,p.Asn13Gly,-0.5210681648222755,-0.5210681648222755,-0.5788379919604733,-0.4416045331417783
urn:mavedb:00000061-c-1#136,,,p.Val9Gly,-1.4763666394009902,-1.2548002754175058,-2.090721352939348,-1.4763666394009902
urn:mavedb:00000061-c-1#137,,,p.Arg8Gly,-0.7206405197274796,-0.7206405197274796,-1.0794403425296586,-0.5742300984163693
urn:mavedb:00000061-c-1#138,,,p.Asn5Gly,-0.2200381691582942,-0.2200381691582942,-0.277807996296492,-0.140574537477797
urn:mavedb:00000061-c-1#139,,,p.Ser4Gly,-0.0249888137045444,-0.0249888137045444,-0.0236768702519951,-0.0625346704889813
urn:mavedb:00000061-c-1#140,,,p.Lys2Gly,0.3820218221696681,0.3820218221696681,0.1993132584231704,0.6375767129058466
urn:mavedb:00000061-c-1#141,,,p.Ser1Gly,0.0305584536056632,0.0379151745927833,-0.0074140273697703,0.0305584536056632
urn:mavedb:00000061-c-1#142,,,p.Cys30Phe,-0.3291826385833623,-0.3291826385833623,-0.5330805013997979,-0.2819036902742664
urn:mavedb:00000061-c-1#143,,,p.Arg22Phe,-0.5210681648222755,-0.5210681648222755,-0.5788379919604733,-0.4416045331417783
urn:mavedb:00000061-c-1#144,,,p.Val21Phe,0.0232219993674891,0.0809918265056869,0.0232219993674891,-0.140574537477797
urn:mavedb:00000061-c-1#145,,,p.Val19Phe,0.0084411593570751,0.0084411593570751,-0.0493286677811226,0.1434221188874037
urn:mavedb:00000061-c-1#146,,,p.Val18Phe,-0.4561273578892608,-0.4561273578892608,-0.4074418541131719,-0.5905435461538447
urn:mavedb:00000061-c-1#147,,,p.Thr17Phe,-0.2200381691582942,-0.2200381691582942,-0.277807996296492,-0.140574537477797
urn:mavedb:00000061-c-1#148,,,p.Ile7Phe,-0.0409586310938157,-0.046214771558435,-0.0270831189439066,-0.0409586310938157
urn:mavedb:00000061-c-1#149,,,p.Gly39Glu,-0.3624232870941535,0.0352343359450118,-0.6757480049685296,-0.3624232870941535
urn:mavedb:00000061-c-1#150,,,p.Val37Glu,-1.073175121978279,-0.8382447964368136,-1.2384373043972177,-1.073175121978279
urn:mavedb:00000061-c-1#151,,,p.Lys36Glu,-0.1459095864483847,-0.1459095864483847,-0.1453988029346569,-0.1822413119363177
urn:mavedb:00000061-c-1#152,,,p.Ala34Glu,-0.7773966350649715,-0.8568602667454686,-0.437508839164004,-0.7773966350649715
urn:mavedb:00000061-c-1#153,,,p.Lys33Glu,-1.3723265135413507,-1.3723265135413507,-1.2839683050013109,-1.479949525217998
urn:mavedb:00000061-c-1#154,,,p.Asp29Glu,-0.1064118584491906,-0.1093398716646045,-0.1064118584491906,-0.0756337305447825
urn:mavedb:00000061-c-1#155,,,p.Met25Glu,-0.4416045331417783,-0.5210681648222755,0.0232219993674891,-0.4416045331417783
urn:mavedb:00000061-c-1#156,,,p.Val21Glu,-1.8675732654140595,-1.8220981604862565,-1.8798679876244544,-1.8675732654140595
urn:mavedb:00000061-c-1#157,,,p.Asn20Glu,-0.140574537477797,-0.2200381691582942,0.0232219993674891,-0.140574537477797
urn:mavedb:00000061-c-1#158,,,p.Val19Glu,-0.2200381691582942,-0.2200381691582942,-0.277807996296492,-0.140574537477797
urn:mavedb:00000061-c-1#159,,,p.Val18Glu,-0.5210681648222755,-0.5210681648222755,-0.5788379919604733,-0.4416045331417783
urn:mavedb:00000061-c-1#160,,,p.Gln15Glu,0.2784945044707953,0.0352343359450118,0.2784945044707953,0.3065834938644221
urn:mavedb:00000061-c-1#161,,,p.Lys14Glu,-0.0739101334800562,-0.0739101334800562,-0.1276955796266652,-0.0637345072450747
urn:mavedb:00000061-c-1#162,,,p.Val9Glu,-2.173998292964747,-1.4083638846309872,-2.311231751783441,-2.173998292964747
urn:mavedb:00000061-c-1#163,,,p.Lys2Glu,-0.0471497259231287,-0.0097328095715113,-0.0471497259231287,-0.061096743462417
urn:mavedb:00000061-c-1#164,,,p.Gly39Asp,0.126070201240875,0.126070201240875,0.1413213114454836,0.0866692440252654
urn:mavedb:00000061-c-1#165,,,p.Lys36Asp,-0.140574537477797,-0.2200381691582942,0.0232219993674891,-0.140574537477797
urn:mavedb:00000061-c-1#166,,,p.Lys33Asp,-0.5210681648222755,-0.5210681648222755,-0.5788379919604733,-0.4416045331417783
urn:mavedb:00000061-c-1#167,,,p.His28Asp,0.057510730656164,0.057510730656164,0.0666876931485794,0.04306985946833
urn:mavedb:00000061-c-1#168,,,p.Ser26Asp,-0.6176957921974596,-0.6971594238779567,-0.1528692596881921,-0.6176957921974596
urn:mavedb:00000061-c-1#169,,,p.Gly24Asp,-0.1303553722961111,-0.157545720953931,-0.1302052750522483,-0.1303553722961111
urn:mavedb:00000061-c-1#170,,,p.Asn23Asp,-0.0016934888086114,-0.0481329134199694,-0.0016934888086114,0.0053302679298343
urn:mavedb:00000061-c-1#171,,,p.Arg22Asp,-0.6971594238779567,-0.6971594238779567,-0.7549292510161545,-0.6176957921974596
urn:mavedb:00000061-c-1#172,,,p.Asn20Asp,-0.1555801799313757,-0.1555801799313757,-0.1275633944234218,-0.1674466838780984
urn:mavedb:00000061-c-1#173,,,p.Val19Asp,-2.149457094872587,-2.149457094872587,-2.207226922010785,-2.0699934631920898
urn:mavedb:00000061-c-1#174,,,p.Val18Asp,-1.3422659855234105,-1.1383681227069746,-1.3422659855234105,-1.426881276321072
urn:mavedb:00000061-c-1#175,,,p.Asn13Asp,-0.0311356629551035,-0.0338465831982872,-0.0311356629551035,-0.0074114789639266
urn:mavedb:00000061-c-1#176,,,p.Ile7Asp,-0.2200381691582942,-0.2200381691582942,-0.277807996296492,-0.140574537477797
urn:mavedb:00000061-c-1#177,,,p.Asn5Asp,-0.034196284295881,-0.0203725279286195,-0.0426919848253561,-0.034196284295881
urn:mavedb:00000061-c-1#178,,,p.Ser4Asp,0.2570830855613682,0.2570830855613682,0.0232219993674891,0.5583954668582217
urn:mavedb:00000061-c-1#179,,,p.Gly39Cys,-0.043946910102613,-0.043946910102613,-0.0669546309815988,0.0355167215778841
urn:mavedb:00000061-c-1#180,,,p.Arg38Cys,-1.880937226972041,-1.7843095995968568,-1.9212606727826795,-1.880937226972041
urn:mavedb:00000061-c-1#181,,,p.His28Cys,0.0812742121385593,-0.0950994325499943,0.2450707489838455,0.0812742121385593
urn:mavedb:00000061-c-1#182,,,p.Ser26Cys,0.1151400668180465,0.1497076388751468,0.1151400668180465,0.0477511779948957
urn:mavedb:00000061-c-1#183,,,p.Gly24Cys,0.0690397557215477,0.0453911517644627,0.0849675953122945,0.0690397557215477
urn:mavedb:00000061-c-1#184,,,p.Asn23Cys,0.3365467172418653,0.2570830855613682,0.4211620080395268,0.3365467172418653
urn:mavedb:00000061-c-1#185,,,p.Arg22Cys,-0.0354927214572365,-0.0512872732683563,0.0244334213019339,-0.0354927214572365
urn:mavedb:00000061-c-1#186,,,p.Arg16Cys,-0.1302052750522483,-0.1149336775349662,-0.1302052750522483,-0.1926975507913859
urn:mavedb:00000061-c-1#187,,,p.Asn13Cys,-0.140574537477797,-0.2200381691582942,-0.1017167372408108,-0.140574537477797
urn:mavedb:00000061-c-1#188,,,p.Phe10Cys,-0.2198160493188053,-0.2869849587889075,-0.2198160493188053,-0.1727592208491983
urn:mavedb:00000061-c-1#189,,,p.Arg8Cys,-0.0706833672004026,-0.0485671077393581,-0.0903768114838288,-0.0706833672004026
urn:mavedb:00000061-c-1#190,,,p.Ser4Cys,-0.0058759635803409,0.0107424013249881,-0.008962684003912,-0.0058759635803409
urn:mavedb:00000061-c-1#191,,,p.Ser1Cys,0.0046962686955503,0.0046962686955503,0.0339458647592622,0.0038266788999349
urn:mavedb:00000061-c-1#192,,,p.=,0.0,0.0,0.0,0.0
urn:mavedb:00000061-c-1#193,,,p.Arg38Tyr,-0.2200381691582942,-0.2200381691582942,-0.277807996296492,-0.140574537477797
urn:mavedb:00000061-c-1#194,,,p.Cys30Tyr,-0.4528033332637489,-0.4528033332637489,-0.4585441603979369,-0.3655143640712953
urn:mavedb:00000061-c-1#195,,,p.Asp29Tyr,-0.0216705153914607,-0.0216705153914607,-0.0380476573714335,0.0577931162890363
urn:mavedb:00000061-c-1#196,,,p.His28Tyr,-0.009184803843401,-0.009184803843401,-0.0491044000343866,-0.0022718393115156
urn:mavedb:00000061-c-1#197,,,p.Gly24Tyr,-0.2200381691582942,-0.2200381691582942,-0.277807996296492,-0.140574537477797
urn:mavedb:00000061-c-1#198,,,p.Asn23Tyr,0.0128168314827075,0.0824971815030039,0.0047385936734759,0.0128168314827075
urn:mavedb:00000061-c-1#199,,,p.Asn20Tyr,0.0018105804580621,0.0018105804580621,0.0306460174466959,-0.023188938759943
urn:mavedb:00000061-c-1#200,,,p.Asn13Tyr,-0.0713341082470899,-0.1450734075118329,-0.0713341082470899,-0.0251811187757275
urn:mavedb:00000061-c-1#201,,,p.Phe10Tyr,-0.0981706889247097,-0.0668097930621171,-0.1786765232944775,-0.0981706889247097
urn:mavedb:00000061-c-1#202,,,p.Asn5Tyr,-0.0292236532819066,-0.0292236532819066,-0.0574594018225438,-0.0009125440487907
urn:mavedb:00000061-c-1#203,,,p.Val37Trp,-0.140574537477797,-0.2200381691582942,0.4211620080395268,-0.140574537477797
urn:mavedb:00000061-c-1#204,,,p.Cys30Trp,-1.581766005175887,-1.581766005175887,-1.6395358323140852,-1.2012723778314087
urn:mavedb:00000061-c-1#205,,,p.Lys14Trp,-0.140574537477797,0.0809918265056869,-0.277807996296492,-0.140574537477797
urn:mavedb:00000061-c-1#206,,,p.Gly39Val,-0.3569892423441169,-0.299219415205919,-0.3569892423441169,-0.4416045331417783
urn:mavedb:00000061-c-1#207,,,p.Leu35Val,-0.1528692596881921,0.0229998795280001,-0.1528692596881921,-0.1783630983671968
urn:mavedb:00000061-c-1#208,,,p.Ala34Val,-0.5456931307769581,-0.4738890871268062,-0.5860165765875966,-0.5456931307769581
urn:mavedb:00000061-c-1#209,,,p.Met32Val,-0.0076496307908476,-0.027205435385989,0.001843010632206,-0.0076496307908476
urn:mavedb:00000061-c-1#210,,,p.Leu31Val,-0.1114765745299671,-0.2821860759071387,-0.1114765745299671,-0.0862168751552044
urn:mavedb:00000061-c-1#211,,,p.Asp29Val,-0.0213104001638796,0.0198336845913346,-0.0213104001638796,-0.0632374321285426
urn:mavedb:00000061-c-1#212,,,p.Leu27Val,0.2918451918205801,0.2918451918205801,0.2340753646823823,0.2987581563524655
urn:mavedb:00000061-c-1#213,,,p.Met25Val,0.0246133585675594,0.0193957552591749,0.065917894751633,0.0246133585675594
urn:mavedb:00000061-c-1#214,,,p.Gly24Val,0.1907130866612528,0.1829813650430183,0.1907130866612528,0.2624449967235155
urn:mavedb:00000061-c-1#215,,,p.Leu11Val,-0.299219415205919,-0.299219415205919,-0.6299905144078546,-0.1917270599251784
urn:mavedb:00000061-c-1#216,,,p.Phe10Val,-0.5788379919604733,-0.5210681648222755,-0.5788379919604733,-0.8095813184363727
urn:mavedb:00000061-c-1#217,,,p.Ile7Val,-0.0415274359792,-0.0415274359792,-0.014787183564706,-0.0609891085420849
urn:mavedb:00000061-c-1#218,,,p.Thr6Val,0.1604554581861841,0.3820218221696681,-0.277807996296492,0.1604554581861841
urn:mavedb:00000061-c-1#219,,,p.Asn5Val,0.1993132584231704,0.3820218221696681,0.1993132584231704,-0.140574537477797
urn:mavedb:00000061-c-1#220,,,p.Ser4Val,-0.2200381691582942,-0.2200381691582942,-0.277807996296492,-0.140574537477797
urn:mavedb:00000061-c-1#221,,,p.Lys2Val,-0.2200381691582942,-0.2200381691582942,-0.4538992553521733,0.0812742121385593
urn:mavedb:00000061-c-1#222,,,p.Lys36Thr,-0.2027224442266416,-0.4930394412220319,-0.0559592466801356,-0.2027224442266416
urn:mavedb:00000061-c-1#223,,,p.Ala34Thr,-0.3005577659781813,-0.3005577659781813,-0.5109377563225375,-0.300275380345309
urn:mavedb:00000061-c-1#224,,,p.Lys33Thr,-0.8095813184363727,-0.3661662048365322,-0.8218760406467677,-0.8095813184363727
urn:mavedb:00000061-c-1#225,,,p.Met32Thr,-0.0156358008694971,0.0211157356534487,-0.0310260064763229,-0.0156358008694971
urn:mavedb:00000061-c-1#226,,,p.Leu31Thr,-0.2200381691582942,-0.2200381691582942,-0.277807996296492,-0.140574537477797
urn:mavedb:00000061-c-1#227,,,p.Ser26Thr,0.2573654711942405,0.1990911385836814,0.3988856133283745,0.2573654711942405
urn:mavedb:00000061-c-1#228,,,p.Met25Thr,0.0160189318786059,0.0547952744577063,0.0048306930231803,0.0160189318786059
urn:mavedb:00000061-c-1#229,,,p.Asn23Thr,0.0094337148818558,0.1321443489530682,0.0094337148818558,-0.140574537477797
urn:mavedb:00000061-c-1#230,,,p.Asn20Thr,-0.140574537477797,-0.0603373262907823,-0.1906578205775918,-0.140574537477797
urn:mavedb:00000061-c-1#231,,,p.Val19Thr,-0.1017167372408108,-0.2200381691582942,-0.1017167372408108,0.2573654711942405
urn:mavedb:00000061-c-1#232,,,p.Val18Thr,0.0809918265056869,0.0809918265056869,0.1201320123755456,-0.140574537477797
urn:mavedb:00000061-c-1#233,,,p.Lys14Thr,-0.131679960618254,-0.1060948168514574,-0.131679960618254,-0.265513274086097
urn:mavedb:00000061-c-1#234,,,p.Asn13Thr,-0.043946910102613,-0.043946910102613,-0.1017167372408108,0.2573654711942405
urn:mavedb:00000061-c-1#235,,,p.Pro12Thr,-0.5210681648222755,-0.5210681648222755,-0.6023190878099961,-0.5162381514386825
urn:mavedb:00000061-c-1#236,,,p.Phe10Thr,-0.2200381691582942,-0.2200381691582942,-0.277807996296492,-0.140574537477797
urn:mavedb:00000061-c-1#237,,,p.Val9Thr,0.1604554581861841,-0.2200381691582942,0.4211620080395268,0.1604554581861841
urn:mavedb:00000061-c-1#238,,,p.Ile7Thr,-0.4491267404909282,-0.4284987213572972,-0.4491267404909282,-0.5174395200661903
urn:mavedb:00000061-c-1#239,,,p.Asn5Thr,-0.0393020050568494,-0.0393020050568494,-0.1357012345511781,0.0115164451741176
urn:mavedb:00000061-c-1#240,,,p.Ser4Thr,0.1874471574199737,0.1874471574199737,0.1658895029362206,0.285394194794484
urn:mavedb:00000061-c-1#241,,,p.Lys2Thr,0.0566457548544389,0.0632630595452553,0.0566457548544389,-0.1071507819908473
urn:mavedb:00000061-c-1#242,,,p.Ser1Thr,0.0750252628615577,0.1653127122057228,-0.0815133511525238,0.0750252628615577
urn:mavedb:00000061-c-1#243,,,p.Gly39Ser,0.0270824201807272,0.065197559322455,0.0270824201807272,0.014327422507946
urn:mavedb:00000061-c-1#244,,,p.Arg38Ser,-1.3961294282139756,-1.3961294282139756,-1.0859224700575791,-1.7937870512531409
urn:mavedb:00000061-c-1#245,,,p.Lys36Ser,-0.140574537477797,-0.2200381691582942,0.0232219993674891,-0.140574537477797
urn:mavedb:00000061-c-1#246,,,p.Ala34Ser,0.0291765435468651,0.0310178515438483,-0.1080569152718298,0.0291765435468651
urn:mavedb:00000061-c-1#247,,,p.Met32Ser,-0.2200381691582942,-0.2200381691582942,-0.277807996296492,-0.140574537477797
urn:mavedb:00000061-c-1#248,,,p.Cys30Ser,0.0055871440696363,-0.04545226509993,0.0055871440696363,0.0176209503923978
urn:mavedb:00000061-c-1#249,,,p.His28Ser,-0.4416045331417783,0.3240298751919813,-0.5788379919604733,-0.4416045331417783
urn:mavedb:00000061-c-1#250,,,p.Gly24Ser,0.0613972405578616,0.0197221697667642,0.0614864994627717,0.0613972405578616
urn:mavedb:00000061-c-1#251,,,p.Asn23Ser,-0.0333727523614468,-0.0024552855472398,-0.0333727523614468,-0.0469422342309766
urn:mavedb:00000061-c-1#252,,,p.Arg22Ser,-0.0917196918986137,-0.0917196918986137,-0.071150745575207,-0.095496162742609
urn:mavedb:00000061-c-1#253,,,p.Val21Ser,-0.140574537477797,-0.2200381691582942,0.0232219993674891,-0.140574537477797
urn:mavedb:00000061-c-1#254,,,p.Asn20Ser,-0.0890357054817218,-0.0756369527805621,-0.0890357054817218,-0.1628509321889494
urn:mavedb:00000061-c-1#255,,,p.Thr17Ser,-0.0463518201600127,-0.0477733179556658,-0.0463518201600127,-0.0459563212493255
urn:mavedb:00000061-c-1#256,,,p.Arg16Ser,-0.187631365947404,-0.1035326000868571,-0.187631365947404,-0.2545178897846338
urn:mavedb:00000061-c-1#257,,,p.Lys14Ser,-0.2200381691582942,-0.2200381691582942,-0.277807996296492,-0.140574537477797
urn:mavedb:00000061-c-1#258,,,p.Asn13Ser,-0.0217099485816902,-0.0006088936653507,-0.0347699476101976,-0.0217099485816902
urn:mavedb:00000061-c-1#259,,,p.Pro12Ser,-1.29111169206109,-1.039582104700163,-1.6713831995660795,-1.29111169206109
urn:mavedb:00000061-c-1#260,,,p.Phe10Ser,0.0268715543055228,-0.0242435752865006,0.0268715543055228,0.03121977999023
urn:mavedb:00000061-c-1#261,,,p.Arg8Ser,-0.2514790575741428,-0.278030116135981,-0.2514790575741428,-0.1985664844554838
urn:mavedb:00000061-c-1#262,,,p.Ile7Ser,-1.5422574638922135,-1.5422574638922135,-1.6000272910304114,-1.4627938322117164
urn:mavedb:00000061-c-1#263,,,p.Thr6Ser,0.0030186132792022,-0.0115533810999193,0.0030186132792022,0.0036693543258895
urn:mavedb:00000061-c-1#264,,,p.Asn5Ser,0.3141693085780309,0.3141693085780309,0.331176234420341,0.3109926127694773
urn:mavedb:00000061-c-1#265,,,p.Thr3Ser,-0.0897044006632881,-0.0897044006632881,0.0077493127112816,-0.1071507819908473
urn:mavedb:00000061-c-1#266,,,p.Gly39Arg,-0.2141389164271148,-0.4987917701111232,-0.2141389164271148,-0.0769054576084198
urn:mavedb:00000061-c-1#267,,,p.Lys36Arg,-0.0482142417122841,-0.0482142417122841,-0.0566546743417869,-0.0121752687599906
urn:mavedb:00000061-c-1#268,,,p.Leu35Arg,-1.7203581340946072,-1.4987917701111233,-1.8575915929133024,-1.7203581340946072
urn:mavedb:00000061-c-1#269,,,p.Lys33Arg,-0.0328189227122361,-0.0292236532819066,-0.0390699281029216,-0.0328189227122361
urn:mavedb:00000061-c-1#270,,,p.Met32Arg,-0.1150806987987922,-0.0710991561462277,-0.1150806987987922,-0.3069059592443221
urn:mavedb:00000061-c-1#271,,,p.Leu31Arg,-1.8328220258780297,-1.8328220258780297,-1.890591853016228,-1.7533583941975326
urn:mavedb:00000061-c-1#272,,,p.Cys30Arg,-0.5467443174782949,-0.4488596863836083,-0.5833076144156266,-0.5467443174782949
urn:mavedb:00000061-c-1#273,,,p.Asp29Arg,-0.140574537477797,-0.2200381691582942,0.1993132584231704,-0.140574537477797
urn:mavedb:00000061-c-1#274,,,p.His28Arg,-0.0002590964820337,0.0024631643252585,-0.0002590964820337,-0.0019750887144533
urn:mavedb:00000061-c-1#275,,,p.Leu27Arg,-1.5023023734953898,-1.581766005175887,-1.3385058366501037,-1.5023023734953898
urn:mavedb:00000061-c-1#276,,,p.Ser26Arg,-0.0773706655895627,-0.0773706655895627,-0.0657190839692919,-0.0876384622899986
urn:mavedb:00000061-c-1#277,,,p.Met25Arg,0.0126538386183799,0.0639584872069066,-0.1364788435000227,0.0126538386183799
urn:mavedb:00000061-c-1#278,,,p.Gly24Arg,-0.0060673767344983,-0.0135642811088921,-0.0060673767344983,0.002847604824516
urn:mavedb:00000061-c-1#279,,,p.Thr17Arg,-0.2200381691582942,-0.2200381691582942,-0.277807996296492,-0.140574537477797
urn:mavedb:00000061-c-1#280,,,p.Gln15Arg,-1.4469995650284844,-1.3751955213783325,-1.5494709175879675,-1.4469995650284844
urn:mavedb:00000061-c-1#281,,,p.Lys14Arg,-0.0518976032170861,-0.0518976032170861,-0.0394375443718905,-0.0562536517777612
urn:mavedb:00000061-c-1#282,,,p.Pro12Arg,-1.3166657965334785,-1.0950994325499943,-1.4538992553521732,-1.3166657965334785
urn:mavedb:00000061-c-1#283,,,p.Gly39Ala,-0.0573108716605944,-0.0573108716605944,-0.0639281763514109,-0.0358391869577841
urn:mavedb:00000061-c-1#284,,,p.Val37Ala,-0.0625845017443955,-0.0456806229116135,-0.0625845017443955,-0.1009155651285726
urn:mavedb:00000061-c-1#285,,,p.Leu35Ala,-0.2200381691582942,-0.2200381691582942,-0.277807996296492,-0.140574537477797
urn:mavedb:00000061-c-1#286,,,p.Met32Ala,-0.0347699476101976,-0.8220981604862566,-0.0347699476101976,0.1024635112084973
urn:mavedb:00000061-c-1#287,,,p.Leu31Ala,-0.140574537477797,-0.2200381691582942,0.0232219993674891,-0.140574537477797
urn:mavedb:00000061-c-1#288,,,p.Asp29Ala,-0.0530902895424827,-0.0530902895424827,-0.0927618945878843,0.0170333158838709
urn:mavedb:00000061-c-1#289,,,p.Gly24Ala,-0.0908867532886896,-0.1257682523164462,-0.0039302466761256,-0.0908867532886896
urn:mavedb:00000061-c-1#290,,,p.Val21Ala,0.0224472247574687,0.0224472247574687,-0.0258414059100061,0.0246424809280943
urn:mavedb:00000061-c-1#291,,,p.Val19Ala,-0.0219010214208766,0.022182768314421,-0.0219010214208766,-0.0323835140600516
urn:mavedb:00000061-c-1#292,,,p.Val18Ala,-0.029166070092199,-0.0221313751896267,-0.029166070092199,-0.0327481099806422
urn:mavedb:00000061-c-1#293,,,p.Thr17Ala,-0.2140034546363306,-0.1462519549973756,-0.2320505057358169,-0.2140034546363306
urn:mavedb:00000061-c-1#294,,,p.Pro12Ala,-0.6302126342473434,-0.6302126342473434,-0.5788379919604733,-0.7937870512531408
urn:mavedb:00000061-c-1#295,,,p.Val9Ala,0.0032753187163359,0.0032753187163359,0.0165688474035834,-0.0087218759165533
urn:mavedb:00000061-c-1#296,,,p.Thr6Ala,-0.0573624610895736,-0.0610923398606304,-0.0573624610895736,-0.0464755018035691
urn:mavedb:00000061-c-1#297,,,p.Thr3Ala,0.2418175915861237,0.2431786205336164,0.2418175915861237,0.2383744814755457
urn:mavedb:00000061-c-1#298,,,p.Ser1Ala,-0.2200381691582942,-0.2200381691582942,-0.277807996296492,-0.140574537477797
